Linear Regression,Support Vector Regressor
"{'fold': 1, 'n_features_range': [1, 2, 3, 4, 5, 6, 7, 8, 9, 10, 11, 12, 13, 14], 'train_mse': [0.0036579588008452462, 0.0014193923232805263, 0.0012259542154547294, 0.0009402786862419189, 0.0009401872457111578, 0.0009380618070551236, 0.0008647059980828381, 0.0008626975482078049, 0.0008565944957568364, 0.0008548779052604216, 0.0008548779052604216, 0.0008547210092597202, 0.0008547210092597201, 0.0008547208176002409], 'train_mae': [0.043752713931788416, 0.02725559596373856, 0.02528247785904801, 0.022657385579575636, 0.022655643027811215, 0.022626560334465827, 0.02157784842741761, 0.02153741756390481, 0.021458801873751873, 0.02143436437939974, 0.02143436437939974, 0.021435433298293352, 0.021435433298293356, 0.021435409693008573], 'val_mse': [0.003546311615283358, 0.0014920469948481337, 0.0012970439659947168, 0.0009911844818686567, 0.000991180095378498, 0.0009928200584782834, 0.0009154152518892112, 0.0009114765577224092, 0.0009108796810396592, 0.0009106650175518766, 0.0009106650175518762, 0.0009116375365642256, 0.0009116375365642254, 0.0009116348669894025], 'val_mae': [0.043246688077640136, 0.02758114240222559, 0.025504394369598792, 0.02292031179879005, 0.02292015822784083, 0.022903591972334474, 0.02186751549562061, 0.021824835131092877, 0.021792198837309238, 0.02177587038678011, 0.02177587038678011, 0.021783397136517814, 0.021783397136517817, 0.02178330736464033], 'best_n_features': 11, 'best_val_mse': 0.0009106650175518762, 'selected_features': Index(['mileage', 'mpg', 'engineSize', 'car_age', 'model_encoded',
       'transmission_Automatic', 'transmission_Manual',
       'transmission_Semi-Auto', 'fuelType_Diesel', 'fuelType_Eletric',
       'fuelType_Petrol'],
      dtype='object'), 'all_selected_features': [Index(['model_encoded'], dtype='object'), Index(['car_age', 'model_encoded'], dtype='object'), Index(['engineSize', 'car_age', 'model_encoded'], dtype='object'), Index(['mileage', 'engineSize', 'car_age', 'model_encoded'], dtype='object'), Index(['mileage', 'engineSize', 'car_age', 'model_encoded',
       'fuelType_Eletric'],
      dtype='object'), Index(['mileage', 'mpg', 'engineSize', 'car_age', 'model_encoded',
       'fuelType_Eletric'],
      dtype='object'), Index(['mileage', 'mpg', 'engineSize', 'car_age', 'model_encoded',
       'transmission_Manual', 'fuelType_Eletric'],
      dtype='object'), Index(['mileage', 'mpg', 'engineSize', 'car_age', 'model_encoded',
       'transmission_Manual', 'fuelType_Diesel', 'fuelType_Eletric'],
      dtype='object'), Index(['mileage', 'mpg', 'engineSize', 'car_age', 'model_encoded',
       'transmission_Manual', 'fuelType_Diesel', 'fuelType_Eletric',
       'fuelType_Petrol'],
      dtype='object'), Index(['mileage', 'mpg', 'engineSize', 'car_age', 'model_encoded',
       'transmission_Manual', 'transmission_Semi-Auto', 'fuelType_Diesel',
       'fuelType_Eletric', 'fuelType_Petrol'],
      dtype='object'), Index(['mileage', 'mpg', 'engineSize', 'car_age', 'model_encoded',
       'transmission_Automatic', 'transmission_Manual',
       'transmission_Semi-Auto', 'fuelType_Diesel', 'fuelType_Eletric',
       'fuelType_Petrol'],
      dtype='object'), Index(['mileage', 'tax', 'mpg', 'engineSize', 'car_age', 'model_encoded',
       'transmission_Automatic', 'transmission_Manual',
       'transmission_Semi-Auto', 'fuelType_Diesel', 'fuelType_Eletric',
       'fuelType_Petrol'],
      dtype='object'), Index(['mileage', 'tax', 'mpg', 'engineSize', 'car_age', 'model_encoded',
       'transmission_Automatic', 'transmission_Manual',
       'transmission_Semi-Auto', 'fuelType_Diesel', 'fuelType_Eletric',
       'fuelType_Hybrid', 'fuelType_Petrol'],
      dtype='object'), Index(['mileage', 'tax', 'mpg', 'engineSize', 'previousOwners', 'car_age',
       'model_encoded', 'transmission_Automatic', 'transmission_Manual',
       'transmission_Semi-Auto', 'fuelType_Diesel', 'fuelType_Eletric',
       'fuelType_Hybrid', 'fuelType_Petrol'],
      dtype='object')]}","{'fold': 1, 'n_features_range': [1, 2, 3, 4, 5, 6, 7, 8, 9, 10, 11, 12, 13, 14], 'train_mse': [0.003752373717017108, 0.001683179847969795, 0.001827317524970786, 0.0015611637934006362, 0.0016069019863882198, 0.0015859009910230944, 0.0015769080951442533, 0.0015484054600223094, 0.0015389319026345018, 0.0015417005074962605, 0.0015563165580444217, 0.001558294673295475, 0.0015436130039697688, 0.0015436130039407528], 'train_mae': [0.045222736192242464, 0.03163582445820477, 0.03525190135721086, 0.032107590737403, 0.03294733813389987, 0.032687778904325206, 0.032610851437811804, 0.0322454453968045, 0.03209598472234174, 0.03214883801195722, 0.032377632476258716, 0.0324107790548314, 0.0322129141311119, 0.03221291413065838], 'val_mse': [0.00364414110427404, 0.0017803577820084517, 0.0019592251866587854, 0.0016841629886872565, 0.001712970464329749, 0.0016918011626639365, 0.001686833932438435, 0.0016627552313741674, 0.0016523925718260118, 0.0016556191896401186, 0.0016735530094003968, 0.001675937403541694, 0.0016600977197722168, 0.001660097719741024], 'val_mae': [0.04472049512744875, 0.03203110648990088, 0.036123611771844304, 0.0328575970877347, 0.033410726510357716, 0.03316923214762519, 0.033105121284732, 0.0327753843845599, 0.03262658387109699, 0.032683045538895845, 0.03291345978075329, 0.0329489672080003, 0.032744211659946884, 0.03274421165949096], 'best_n_features': 9, 'best_val_mse': 0.0016523925718260118, 'selected_features': Index(['mileage', 'tax', 'mpg', 'engineSize', 'car_age', 'model_encoded',
       'transmission_Manual', 'transmission_Semi-Auto', 'fuelType_Hybrid'],
      dtype='object'), 'all_selected_features': [Index(['model_encoded'], dtype='object'), Index(['car_age', 'model_encoded'], dtype='object'), Index(['mileage', 'car_age', 'model_encoded'], dtype='object'), Index(['mileage', 'engineSize', 'car_age', 'model_encoded'], dtype='object'), Index(['mileage', 'engineSize', 'car_age', 'model_encoded',
       'transmission_Manual'],
      dtype='object'), Index(['mileage', 'mpg', 'engineSize', 'car_age', 'model_encoded',
       'transmission_Manual'],
      dtype='object'), Index(['mileage', 'tax', 'mpg', 'engineSize', 'car_age', 'model_encoded',
       'transmission_Manual'],
      dtype='object'), Index(['mileage', 'tax', 'mpg', 'engineSize', 'car_age', 'model_encoded',
       'transmission_Manual', 'fuelType_Hybrid'],
      dtype='object'), Index(['mileage', 'tax', 'mpg', 'engineSize', 'car_age', 'model_encoded',
       'transmission_Manual', 'transmission_Semi-Auto', 'fuelType_Hybrid'],
      dtype='object'), Index(['mileage', 'tax', 'mpg', 'engineSize', 'car_age', 'model_encoded',
       'transmission_Automatic', 'transmission_Manual',
       'transmission_Semi-Auto', 'fuelType_Hybrid'],
      dtype='object'), Index(['mileage', 'tax', 'mpg', 'engineSize', 'car_age', 'model_encoded',
       'transmission_Automatic', 'transmission_Manual',
       'transmission_Semi-Auto', 'fuelType_Hybrid', 'fuelType_Petrol'],
      dtype='object'), Index(['mileage', 'tax', 'mpg', 'engineSize', 'car_age', 'model_encoded',
       'transmission_Automatic', 'transmission_Manual',
       'transmission_Semi-Auto', 'fuelType_Diesel', 'fuelType_Hybrid',
       'fuelType_Petrol'],
      dtype='object'), Index(['mileage', 'tax', 'mpg', 'engineSize', 'previousOwners', 'car_age',
       'model_encoded', 'transmission_Automatic', 'transmission_Manual',
       'transmission_Semi-Auto', 'fuelType_Diesel', 'fuelType_Hybrid',
       'fuelType_Petrol'],
      dtype='object'), Index(['mileage', 'tax', 'mpg', 'engineSize', 'previousOwners', 'car_age',
       'model_encoded', 'transmission_Automatic', 'transmission_Manual',
       'transmission_Semi-Auto', 'fuelType_Diesel', 'fuelType_Eletric',
       'fuelType_Hybrid', 'fuelType_Petrol'],
      dtype='object')]}"
"{'fold': 2, 'n_features_range': [1, 2, 3, 4, 5, 6, 7, 8, 9, 10, 11, 12, 13, 14], 'train_mse': [0.003523451549149134, 0.001390128729595259, 0.001192757850177448, 0.0009447557366665068, 0.0009437965344104728, 0.0008711301401457916, 0.0008711248674239443, 0.0008643675263836192, 0.0008637419712439528, 0.0008630775180430607, 0.0008630775180430609, 0.0008617853459404498, 0.0008617853459404501, 0.0008617851236996003], 'train_mae': [0.042996161171228654, 0.026926310438000218, 0.024940367252573228, 0.022526112750136565, 0.022506028917116668, 0.021501389420849615, 0.0215010728727933, 0.021400239405341973, 0.021400787343540933, 0.02139009309048349, 0.021390093090483498, 0.021369649276296396, 0.021369649276296396, 0.02136965723452047], 'val_mse': [0.0036787569832146187, 0.001565248406198448, 0.0013779052816884497, 0.0010497098575526973, 0.0010483292133432287, 0.0009755674739023886, 0.0009753916252602607, 0.000970963150446445, 0.0009735324282270946, 0.0009723596040074299, 0.00097235960400743, 0.000970441762382609, 0.0009704417623826099, 0.0009704410148374674], 'val_mae': [0.04367942639713222, 0.027678237956955024, 0.025588246096882757, 0.02301845576951534, 0.022997420970658124, 0.02200589737609272, 0.022002384995776194, 0.021925277643407126, 0.021945105096270248, 0.021928728473072676, 0.021928728473072673, 0.021896149946871484, 0.02189614994687149, 0.021896003386358456], 'best_n_features': 14, 'best_val_mse': 0.0009704410148374674, 'selected_features': Index(['mileage', 'tax', 'mpg', 'engineSize', 'previousOwners', 'car_age',
       'model_encoded', 'transmission_Automatic', 'transmission_Manual',
       'transmission_Semi-Auto', 'fuelType_Diesel', 'fuelType_Eletric',
       'fuelType_Hybrid', 'fuelType_Petrol'],
      dtype='object'), 'all_selected_features': [Index(['model_encoded'], dtype='object'), Index(['car_age', 'model_encoded'], dtype='object'), Index(['engineSize', 'car_age', 'model_encoded'], dtype='object'), Index(['mileage', 'engineSize', 'car_age', 'model_encoded'], dtype='object'), Index(['mileage', 'mpg', 'engineSize', 'car_age', 'model_encoded'], dtype='object'), Index(['mileage', 'mpg', 'engineSize', 'car_age', 'model_encoded',
       'transmission_Manual'],
      dtype='object'), Index(['mileage', 'mpg', 'engineSize', 'car_age', 'model_encoded',
       'transmission_Manual', 'fuelType_Eletric'],
      dtype='object'), Index(['mileage', 'mpg', 'engineSize', 'car_age', 'model_encoded',
       'transmission_Manual', 'fuelType_Eletric', 'fuelType_Hybrid'],
      dtype='object'), Index(['mileage', 'tax', 'mpg', 'engineSize', 'car_age', 'model_encoded',
       'transmission_Manual', 'fuelType_Eletric', 'fuelType_Hybrid'],
      dtype='object'), Index(['mileage', 'tax', 'mpg', 'engineSize', 'car_age', 'model_encoded',
       'transmission_Manual', 'fuelType_Diesel', 'fuelType_Eletric',
       'fuelType_Hybrid'],
      dtype='object'), Index(['mileage', 'tax', 'mpg', 'engineSize', 'car_age', 'model_encoded',
       'transmission_Manual', 'fuelType_Diesel', 'fuelType_Eletric',
       'fuelType_Hybrid', 'fuelType_Petrol'],
      dtype='object'), Index(['mileage', 'tax', 'mpg', 'engineSize', 'car_age', 'model_encoded',
       'transmission_Manual', 'transmission_Semi-Auto', 'fuelType_Diesel',
       'fuelType_Eletric', 'fuelType_Hybrid', 'fuelType_Petrol'],
      dtype='object'), Index(['mileage', 'tax', 'mpg', 'engineSize', 'car_age', 'model_encoded',
       'transmission_Automatic', 'transmission_Manual',
       'transmission_Semi-Auto', 'fuelType_Diesel', 'fuelType_Eletric',
       'fuelType_Hybrid', 'fuelType_Petrol'],
      dtype='object'), Index(['mileage', 'tax', 'mpg', 'engineSize', 'previousOwners', 'car_age',
       'model_encoded', 'transmission_Automatic', 'transmission_Manual',
       'transmission_Semi-Auto', 'fuelType_Diesel', 'fuelType_Eletric',
       'fuelType_Hybrid', 'fuelType_Petrol'],
      dtype='object')]}","{'fold': 2, 'n_features_range': [1, 2, 3, 4, 5, 6, 7, 8, 9, 10, 11, 12, 13, 14], 'train_mse': [0.0036149384395925605, 0.0016140935784906467, 0.0012424223533710201, 0.0015235917160964375, 0.0015218957297477161, 0.0015124599159735354, 0.0015070508788392867, 0.0014917087249800257, 0.0014903142220106414, 0.0014926903825250026, 0.001485447589706177, 0.0014878123677040398, 0.0014846645041646487, 0.0014846645041645574], 'train_mae': [0.04446284907610568, 0.030812414875978, 0.0258083459473083, 0.03137672501779507, 0.031548425421213194, 0.03142212630432548, 0.03138516328569466, 0.0311946527408284, 0.03113842414471634, 0.031163350966183397, 0.031084671053300754, 0.031106291499981086, 0.031078851221201225, 0.031078851221200333], 'val_mse': [0.0037799343253982105, 0.0017988336331476674, 0.00140281054334105, 0.0017957379148712239, 0.0018286000702620387, 0.0018211424818968505, 0.0018101664824681013, 0.0017947533686516236, 0.0017962073160035577, 0.001799334221474729, 0.001788334892955792, 0.0017913753608107756, 0.001786699998178583, 0.0017866999981783957], 'val_mae': [0.04515726252719187, 0.03156566329853768, 0.02642357725600482, 0.03289074981927183, 0.03339762195530582, 0.033288475962136445, 0.03322857351550339, 0.033057566023136496, 0.03303318856638393, 0.03306304528249606, 0.03295489306176779, 0.03298453648738696, 0.03294575549824769, 0.032945755498246174], 'best_n_features': 3, 'best_val_mse': 0.00140281054334105, 'selected_features': Index(['engineSize', 'car_age', 'model_encoded'], dtype='object'), 'all_selected_features': [Index(['model_encoded'], dtype='object'), Index(['car_age', 'model_encoded'], dtype='object'), Index(['engineSize', 'car_age', 'model_encoded'], dtype='object'), Index(['mileage', 'engineSize', 'car_age', 'model_encoded'], dtype='object'), Index(['mileage', 'engineSize', 'car_age', 'model_encoded',
       'transmission_Manual'],
      dtype='object'), Index(['mileage', 'mpg', 'engineSize', 'car_age', 'model_encoded',
       'transmission_Manual'],
      dtype='object'), Index(['mileage', 'tax', 'mpg', 'engineSize', 'car_age', 'model_encoded',
       'transmission_Manual'],
      dtype='object'), Index(['mileage', 'tax', 'mpg', 'engineSize', 'car_age', 'model_encoded',
       'transmission_Manual', 'fuelType_Hybrid'],
      dtype='object'), Index(['mileage', 'tax', 'mpg', 'engineSize', 'car_age', 'model_encoded',
       'transmission_Manual', 'transmission_Semi-Auto', 'fuelType_Hybrid'],
      dtype='object'), Index(['mileage', 'tax', 'mpg', 'engineSize', 'car_age', 'model_encoded',
       'transmission_Automatic', 'transmission_Manual',
       'transmission_Semi-Auto', 'fuelType_Hybrid'],
      dtype='object'), Index(['mileage', 'tax', 'mpg', 'engineSize', 'car_age', 'model_encoded',
       'transmission_Automatic', 'transmission_Manual',
       'transmission_Semi-Auto', 'fuelType_Hybrid', 'fuelType_Petrol'],
      dtype='object'), Index(['mileage', 'tax', 'mpg', 'engineSize', 'previousOwners', 'car_age',
       'model_encoded', 'transmission_Automatic', 'transmission_Manual',
       'transmission_Semi-Auto', 'fuelType_Hybrid', 'fuelType_Petrol'],
      dtype='object'), Index(['mileage', 'tax', 'mpg', 'engineSize', 'previousOwners', 'car_age',
       'model_encoded', 'transmission_Automatic', 'transmission_Manual',
       'transmission_Semi-Auto', 'fuelType_Diesel', 'fuelType_Hybrid',
       'fuelType_Petrol'],
      dtype='object'), Index(['mileage', 'tax', 'mpg', 'engineSize', 'previousOwners', 'car_age',
       'model_encoded', 'transmission_Automatic', 'transmission_Manual',
       'transmission_Semi-Auto', 'fuelType_Diesel', 'fuelType_Eletric',
       'fuelType_Hybrid', 'fuelType_Petrol'],
      dtype='object')]}"
"{'fold': 3, 'n_features_range': [1, 2, 3, 4, 5, 6, 7, 8, 9, 10, 11, 12, 13, 14], 'train_mse': [0.003503359527016195, 0.0013848584768993424, 0.0011855481720543504, 0.0009125965335007661, 0.0009125180735728755, 0.0009106322210316537, 0.0008400217519544115, 0.000837774841194547, 0.0008331933723184474, 0.0008318037304309578, 0.0008318037304309577, 0.0008316076978445336, 0.0008316076978445336, 0.00083160331430183], 'train_mae': [0.0427874923293655, 0.026874189436142455, 0.024822898580886914, 0.02224134946014183, 0.022239951902577184, 0.022212282706688936, 0.021199261261754736, 0.02115599658842368, 0.021092819668743032, 0.021072938852615433, 0.021072938852615433, 0.02107564075925784, 0.021075640759257844, 0.021075742290572554], 'val_mse': [0.003566837452062629, 0.0015042488235083903, 0.0013089192173435145, 0.000994040644556771, 0.0009938793260404059, 0.0009952109621225345, 0.0009195297031566645, 0.0009142426194908723, 0.0009104644115266754, 0.000908185034595601, 0.0009081850345956014, 0.0009090743311015578, 0.0009090743311015591, 0.0009091182361196235], 'val_mae': [0.04340135830445522, 0.027499544980594433, 0.02559608678813099, 0.02307643238589537, 0.02307311250445176, 0.023064663673692563, 0.02203402776963676, 0.021961049320599235, 0.021901958778292138, 0.021866061214065372, 0.02186606121406538, 0.021869221167529925, 0.021869221167529942, 0.021870070932564004], 'best_n_features': 10, 'best_val_mse': 0.000908185034595601, 'selected_features': Index(['mileage', 'mpg', 'engineSize', 'car_age', 'model_encoded',
       'transmission_Manual', 'transmission_Semi-Auto', 'fuelType_Diesel',
       'fuelType_Eletric', 'fuelType_Petrol'],
      dtype='object'), 'all_selected_features': [Index(['model_encoded'], dtype='object'), Index(['car_age', 'model_encoded'], dtype='object'), Index(['engineSize', 'car_age', 'model_encoded'], dtype='object'), Index(['mileage', 'engineSize', 'car_age', 'model_encoded'], dtype='object'), Index(['mileage', 'engineSize', 'car_age', 'model_encoded',
       'fuelType_Eletric'],
      dtype='object'), Index(['mileage', 'mpg', 'engineSize', 'car_age', 'model_encoded',
       'fuelType_Eletric'],
      dtype='object'), Index(['mileage', 'mpg', 'engineSize', 'car_age', 'model_encoded',
       'transmission_Manual', 'fuelType_Eletric'],
      dtype='object'), Index(['mileage', 'mpg', 'engineSize', 'car_age', 'model_encoded',
       'transmission_Manual', 'fuelType_Diesel', 'fuelType_Eletric'],
      dtype='object'), Index(['mileage', 'mpg', 'engineSize', 'car_age', 'model_encoded',
       'transmission_Manual', 'fuelType_Diesel', 'fuelType_Eletric',
       'fuelType_Petrol'],
      dtype='object'), Index(['mileage', 'mpg', 'engineSize', 'car_age', 'model_encoded',
       'transmission_Manual', 'transmission_Semi-Auto', 'fuelType_Diesel',
       'fuelType_Eletric', 'fuelType_Petrol'],
      dtype='object'), Index(['mileage', 'mpg', 'engineSize', 'car_age', 'model_encoded',
       'transmission_Automatic', 'transmission_Manual',
       'transmission_Semi-Auto', 'fuelType_Diesel', 'fuelType_Eletric',
       'fuelType_Petrol'],
      dtype='object'), Index(['mileage', 'tax', 'mpg', 'engineSize', 'car_age', 'model_encoded',
       'transmission_Automatic', 'transmission_Manual',
       'transmission_Semi-Auto', 'fuelType_Diesel', 'fuelType_Eletric',
       'fuelType_Petrol'],
      dtype='object'), Index(['mileage', 'tax', 'mpg', 'engineSize', 'car_age', 'model_encoded',
       'transmission_Automatic', 'transmission_Manual',
       'transmission_Semi-Auto', 'fuelType_Diesel', 'fuelType_Eletric',
       'fuelType_Hybrid', 'fuelType_Petrol'],
      dtype='object'), Index(['mileage', 'tax', 'mpg', 'engineSize', 'previousOwners', 'car_age',
       'model_encoded', 'transmission_Automatic', 'transmission_Manual',
       'transmission_Semi-Auto', 'fuelType_Diesel', 'fuelType_Eletric',
       'fuelType_Hybrid', 'fuelType_Petrol'],
      dtype='object')]}","{'fold': 3, 'n_features_range': [1, 2, 3, 4, 5, 6, 7, 8, 9, 10, 11, 12, 13, 14], 'train_mse': [0.003606881257532551, 0.0016616308060326567, 0.0017370891785386802, 0.001478390305787878, 0.0015146163328152965, 0.0015002982351300632, 0.0014568612297712255, 0.0014395455274844112, 0.0014414557020708287, 0.0014470845807020925, 0.0014368144071094722, 0.0014342014374315619, 0.0014455932842085827, 0.0014455932842137307], 'train_mae': [0.04438089718099408, 0.03027226241784025, 0.034146964603975594, 0.031058044182108377, 0.03177678818983996, 0.0315896679106314, 0.031070531908228793, 0.030830841309164764, 0.03083985329369465, 0.030908473126388756, 0.030771534081889398, 0.03075439840263497, 0.030891931779294224, 0.0308919317793224], 'val_mse': [0.003664403476423889, 0.001855226435557366, 0.0018799038890782594, 0.0016276651503455463, 0.0016651122904914875, 0.001651350453754856, 0.0016131336631362073, 0.0015950597221478025, 0.0015922516691154894, 0.0015983222841130676, 0.001590494169789983, 0.0015880646826158754, 0.001600614171450188, 0.0016006141714572889], 'val_mae': [0.04494024773576214, 0.03132132052282665, 0.03499696190993694, 0.032122303214159556, 0.03281167265808553, 0.03263658764210204, 0.03220850051177661, 0.03198293869954922, 0.0319520107394664, 0.032021039183496025, 0.03189900419267839, 0.031885519265629984, 0.032033157523255036, 0.032033157523299494], 'best_n_features': 12, 'best_val_mse': 0.0015880646826158754, 'selected_features': Index(['mileage', 'tax', 'mpg', 'engineSize', 'car_age', 'model_encoded',
       'transmission_Automatic', 'transmission_Manual',
       'transmission_Semi-Auto', 'fuelType_Diesel', 'fuelType_Hybrid',
       'fuelType_Petrol'],
      dtype='object'), 'all_selected_features': [Index(['model_encoded'], dtype='object'), Index(['mileage', 'model_encoded'], dtype='object'), Index(['mileage', 'car_age', 'model_encoded'], dtype='object'), Index(['mileage', 'engineSize', 'car_age', 'model_encoded'], dtype='object'), Index(['mileage', 'engineSize', 'car_age', 'model_encoded',
       'transmission_Manual'],
      dtype='object'), Index(['mileage', 'mpg', 'engineSize', 'car_age', 'model_encoded',
       'transmission_Manual'],
      dtype='object'), Index(['mileage', 'tax', 'mpg', 'engineSize', 'car_age', 'model_encoded',
       'transmission_Manual'],
      dtype='object'), Index(['mileage', 'tax', 'mpg', 'engineSize', 'car_age', 'model_encoded',
       'transmission_Manual', 'fuelType_Hybrid'],
      dtype='object'), Index(['mileage', 'tax', 'mpg', 'engineSize', 'car_age', 'model_encoded',
       'transmission_Manual', 'transmission_Semi-Auto', 'fuelType_Hybrid'],
      dtype='object'), Index(['mileage', 'tax', 'mpg', 'engineSize', 'car_age', 'model_encoded',
       'transmission_Automatic', 'transmission_Manual',
       'transmission_Semi-Auto', 'fuelType_Hybrid'],
      dtype='object'), Index(['mileage', 'tax', 'mpg', 'engineSize', 'car_age', 'model_encoded',
       'transmission_Automatic', 'transmission_Manual',
       'transmission_Semi-Auto', 'fuelType_Hybrid', 'fuelType_Petrol'],
      dtype='object'), Index(['mileage', 'tax', 'mpg', 'engineSize', 'car_age', 'model_encoded',
       'transmission_Automatic', 'transmission_Manual',
       'transmission_Semi-Auto', 'fuelType_Diesel', 'fuelType_Hybrid',
       'fuelType_Petrol'],
      dtype='object'), Index(['mileage', 'tax', 'mpg', 'engineSize', 'previousOwners', 'car_age',
       'model_encoded', 'transmission_Automatic', 'transmission_Manual',
       'transmission_Semi-Auto', 'fuelType_Diesel', 'fuelType_Hybrid',
       'fuelType_Petrol'],
      dtype='object'), Index(['mileage', 'tax', 'mpg', 'engineSize', 'previousOwners', 'car_age',
       'model_encoded', 'transmission_Automatic', 'transmission_Manual',
       'transmission_Semi-Auto', 'fuelType_Diesel', 'fuelType_Eletric',
       'fuelType_Hybrid', 'fuelType_Petrol'],
      dtype='object')]}"
"{'fold': 4, 'n_features_range': [1, 2, 3, 4, 5, 6, 7, 8, 9, 10, 11, 12, 13, 14], 'train_mse': [0.0035159351204146773, 0.0013727541305255029, 0.0011743184435143654, 0.0008948681776032, 0.0008947808025058837, 0.000893035924007334, 0.0008232403198790786, 0.0008214060156044876, 0.000816634473822888, 0.0008152057648200918, 0.0008152057648200918, 0.0008150934634726071, 0.0008150934634726071, 0.0008150865922612465], 'train_mae': [0.04292957793072949, 0.026811538869159324, 0.024793105535836968, 0.02213371653927512, 0.022132031336420013, 0.02211078064634471, 0.021112301145870573, 0.021070493668249722, 0.021005849875989052, 0.020979948872198066, 0.020979948872198066, 0.020981133193693616, 0.020981133193693612, 0.020981077713673035], 'val_mse': [0.0035292213795562774, 0.0015693896973918264, 0.0013954438602620041, 0.001056567806975531, 0.0010565678907467583, 0.0010561082180122262, 0.0009719579269676005, 0.0009679596894532642, 0.000963742186426415, 0.0009623411458121989, 0.0009623411458121987, 0.0009630366262971326, 0.0009630366262971326, 0.0009630792297170682], 'val_mae': [0.04309610769007751, 0.027507203245521677, 0.025489107956950974, 0.02311982714241295, 0.023119684309549582, 0.023083650491814194, 0.02194749483677702, 0.02188497716308638, 0.021807936554095218, 0.021799771296034498, 0.021799771296034498, 0.02180106214719302, 0.021801062147193018, 0.02180199633925381], 'best_n_features': 11, 'best_val_mse': 0.0009623411458121987, 'selected_features': Index(['mileage', 'mpg', 'engineSize', 'car_age', 'model_encoded',
       'transmission_Automatic', 'transmission_Manual',
       'transmission_Semi-Auto', 'fuelType_Diesel', 'fuelType_Eletric',
       'fuelType_Petrol'],
      dtype='object'), 'all_selected_features': [Index(['model_encoded'], dtype='object'), Index(['car_age', 'model_encoded'], dtype='object'), Index(['engineSize', 'car_age', 'model_encoded'], dtype='object'), Index(['mileage', 'engineSize', 'car_age', 'model_encoded'], dtype='object'), Index(['mileage', 'engineSize', 'car_age', 'model_encoded',
       'fuelType_Eletric'],
      dtype='object'), Index(['mileage', 'mpg', 'engineSize', 'car_age', 'model_encoded',
       'fuelType_Eletric'],
      dtype='object'), Index(['mileage', 'mpg', 'engineSize', 'car_age', 'model_encoded',
       'transmission_Manual', 'fuelType_Eletric'],
      dtype='object'), Index(['mileage', 'mpg', 'engineSize', 'car_age', 'model_encoded',
       'transmission_Manual', 'fuelType_Diesel', 'fuelType_Eletric'],
      dtype='object'), Index(['mileage', 'mpg', 'engineSize', 'car_age', 'model_encoded',
       'transmission_Manual', 'fuelType_Diesel', 'fuelType_Eletric',
       'fuelType_Petrol'],
      dtype='object'), Index(['mileage', 'mpg', 'engineSize', 'car_age', 'model_encoded',
       'transmission_Manual', 'transmission_Semi-Auto', 'fuelType_Diesel',
       'fuelType_Eletric', 'fuelType_Petrol'],
      dtype='object'), Index(['mileage', 'mpg', 'engineSize', 'car_age', 'model_encoded',
       'transmission_Automatic', 'transmission_Manual',
       'transmission_Semi-Auto', 'fuelType_Diesel', 'fuelType_Eletric',
       'fuelType_Petrol'],
      dtype='object'), Index(['mileage', 'tax', 'mpg', 'engineSize', 'car_age', 'model_encoded',
       'transmission_Automatic', 'transmission_Manual',
       'transmission_Semi-Auto', 'fuelType_Diesel', 'fuelType_Eletric',
       'fuelType_Petrol'],
      dtype='object'), Index(['mileage', 'tax', 'mpg', 'engineSize', 'car_age', 'model_encoded',
       'transmission_Automatic', 'transmission_Manual',
       'transmission_Semi-Auto', 'fuelType_Diesel', 'fuelType_Eletric',
       'fuelType_Hybrid', 'fuelType_Petrol'],
      dtype='object'), Index(['mileage', 'tax', 'mpg', 'engineSize', 'previousOwners', 'car_age',
       'model_encoded', 'transmission_Automatic', 'transmission_Manual',
       'transmission_Semi-Auto', 'fuelType_Diesel', 'fuelType_Eletric',
       'fuelType_Hybrid', 'fuelType_Petrol'],
      dtype='object')]}","{'fold': 4, 'n_features_range': [1, 2, 3, 4, 5, 6, 7, 8, 9, 10, 11, 12, 13, 14], 'train_mse': [0.00361549610980072, 0.0016347507680823333, 0.001768732448776965, 0.0015008722435771787, 0.001522859403004006, 0.0015029719278457422, 0.0015041199229849295, 0.0014814296341104838, 0.0014812028861330376, 0.0014677389691149414, 0.0014800763017433522, 0.0014786982989800522, 0.0014672273182934103, 0.001467227318291914], 'train_mae': [0.044535260807701815, 0.031219071774082115, 0.03473217946751917, 0.03154396916353339, 0.03208295025192928, 0.031812375239457645, 0.03184938920429699, 0.03153982474024452, 0.031543850792913254, 0.031362424927283056, 0.031559179909837955, 0.03154166679302617, 0.031373279244461344, 0.03137327924444695], 'val_mse': [0.003654844287346769, 0.0018372953342633965, 0.001974920396870424, 0.0017216740816600501, 0.001725248494008558, 0.0017063895458936768, 0.0017097016547431671, 0.0016853202479901012, 0.0016886825763910548, 0.001673399563961367, 0.001689110116969611, 0.0016876925608346038, 0.00167378465034748, 0.001673784650345921], 'val_mae': [0.04479123450947114, 0.03199344830707479, 0.035903461829579604, 0.03277950879486071, 0.03318447537360782, 0.0329277888627571, 0.03299297451673917, 0.03266578005010862, 0.03269577616282906, 0.03250426614854806, 0.03272430331582547, 0.032706109366431244, 0.03251552407351921, 0.03251552407350534], 'best_n_features': 10, 'best_val_mse': 0.001673399563961367, 'selected_features': Index(['mileage', 'tax', 'mpg', 'engineSize', 'car_age', 'model_encoded',
       'transmission_Automatic', 'transmission_Manual',
       'transmission_Semi-Auto', 'fuelType_Hybrid'],
      dtype='object'), 'all_selected_features': [Index(['model_encoded'], dtype='object'), Index(['car_age', 'model_encoded'], dtype='object'), Index(['mileage', 'car_age', 'model_encoded'], dtype='object'), Index(['mileage', 'engineSize', 'car_age', 'model_encoded'], dtype='object'), Index(['mileage', 'engineSize', 'car_age', 'model_encoded',
       'transmission_Manual'],
      dtype='object'), Index(['mileage', 'mpg', 'engineSize', 'car_age', 'model_encoded',
       'transmission_Manual'],
      dtype='object'), Index(['mileage', 'tax', 'mpg', 'engineSize', 'car_age', 'model_encoded',
       'transmission_Manual'],
      dtype='object'), Index(['mileage', 'tax', 'mpg', 'engineSize', 'car_age', 'model_encoded',
       'transmission_Manual', 'fuelType_Hybrid'],
      dtype='object'), Index(['mileage', 'tax', 'mpg', 'engineSize', 'car_age', 'model_encoded',
       'transmission_Manual', 'transmission_Semi-Auto', 'fuelType_Hybrid'],
      dtype='object'), Index(['mileage', 'tax', 'mpg', 'engineSize', 'car_age', 'model_encoded',
       'transmission_Automatic', 'transmission_Manual',
       'transmission_Semi-Auto', 'fuelType_Hybrid'],
      dtype='object'), Index(['mileage', 'tax', 'mpg', 'engineSize', 'car_age', 'model_encoded',
       'transmission_Automatic', 'transmission_Manual',
       'transmission_Semi-Auto', 'fuelType_Hybrid', 'fuelType_Petrol'],
      dtype='object'), Index(['mileage', 'tax', 'mpg', 'engineSize', 'car_age', 'model_encoded',
       'transmission_Automatic', 'transmission_Manual',
       'transmission_Semi-Auto', 'fuelType_Diesel', 'fuelType_Hybrid',
       'fuelType_Petrol'],
      dtype='object'), Index(['mileage', 'tax', 'mpg', 'engineSize', 'previousOwners', 'car_age',
       'model_encoded', 'transmission_Automatic', 'transmission_Manual',
       'transmission_Semi-Auto', 'fuelType_Diesel', 'fuelType_Hybrid',
       'fuelType_Petrol'],
      dtype='object'), Index(['mileage', 'tax', 'mpg', 'engineSize', 'previousOwners', 'car_age',
       'model_encoded', 'transmission_Automatic', 'transmission_Manual',
       'transmission_Semi-Auto', 'fuelType_Diesel', 'fuelType_Eletric',
       'fuelType_Hybrid', 'fuelType_Petrol'],
      dtype='object')]}"
"{'fold': 5, 'n_features_range': [1, 2, 3, 4, 5, 6, 7, 8, 9, 10, 11, 12, 13, 14], 'train_mse': [0.0034922377516816297, 0.001380792639120131, 0.0011780304812974705, 0.0009367178121480834, 0.0009366258118164888, 0.0009356037231360626, 0.0008635275335547718, 0.000861263991705516, 0.0008572223498245792, 0.0008567064896399218, 0.0008552278764238478, 0.0008552278764238478, 0.0008552278764238478, 0.0008552266409411045], 'train_mae': [0.04268883080625964, 0.02680959108421956, 0.02475300002449608, 0.02236381868279891, 0.022362157783237614, 0.022339891768745106, 0.021343758829925487, 0.021298659734373015, 0.02124369337945944, 0.02124440159606306, 0.02121778645659417, 0.02121778645659417, 0.021217786456594175, 0.021217634966113758], 'val_mse': [0.003591000231427182, 0.0015213683631915271, 0.0013327597813761094, 0.0010098705873214323, 0.0010098749476062402, 0.0010077251881684083, 0.0009323596161461592, 0.0009284737671369576, 0.0009242522038462878, 0.0009255272724893157, 0.0009233262740856893, 0.0009233262740856886, 0.0009233262740856892, 0.0009233326113608813], 'val_mae': [0.04360194879553089, 0.027730134313564452, 0.02565718756443021, 0.023047501831585042, 0.02304742750956588, 0.023024603759668683, 0.022055791149889484, 0.02200715247234894, 0.021949615160797284, 0.02195732328565449, 0.021931506600937865, 0.021931506600937865, 0.02193150660093787, 0.02193156543006713], 'best_n_features': 12, 'best_val_mse': 0.0009233262740856886, 'selected_features': Index(['mileage', 'tax', 'mpg', 'engineSize', 'car_age', 'model_encoded',
       'transmission_Automatic', 'transmission_Manual',
       'transmission_Semi-Auto', 'fuelType_Diesel', 'fuelType_Eletric',
       'fuelType_Petrol'],
      dtype='object'), 'all_selected_features': [Index(['model_encoded'], dtype='object'), Index(['car_age', 'model_encoded'], dtype='object'), Index(['engineSize', 'car_age', 'model_encoded'], dtype='object'), Index(['mileage', 'engineSize', 'car_age', 'model_encoded'], dtype='object'), Index(['mileage', 'engineSize', 'car_age', 'model_encoded',
       'fuelType_Eletric'],
      dtype='object'), Index(['mileage', 'mpg', 'engineSize', 'car_age', 'model_encoded',
       'fuelType_Eletric'],
      dtype='object'), Index(['mileage', 'mpg', 'engineSize', 'car_age', 'model_encoded',
       'transmission_Manual', 'fuelType_Eletric'],
      dtype='object'), Index(['mileage', 'mpg', 'engineSize', 'car_age', 'model_encoded',
       'transmission_Manual', 'fuelType_Diesel', 'fuelType_Eletric'],
      dtype='object'), Index(['mileage', 'mpg', 'engineSize', 'car_age', 'model_encoded',
       'transmission_Manual', 'fuelType_Diesel', 'fuelType_Eletric',
       'fuelType_Petrol'],
      dtype='object'), Index(['mileage', 'tax', 'mpg', 'engineSize', 'car_age', 'model_encoded',
       'transmission_Manual', 'fuelType_Diesel', 'fuelType_Eletric',
       'fuelType_Petrol'],
      dtype='object'), Index(['mileage', 'tax', 'mpg', 'engineSize', 'car_age', 'model_encoded',
       'transmission_Manual', 'transmission_Semi-Auto', 'fuelType_Diesel',
       'fuelType_Eletric', 'fuelType_Petrol'],
      dtype='object'), Index(['mileage', 'tax', 'mpg', 'engineSize', 'car_age', 'model_encoded',
       'transmission_Automatic', 'transmission_Manual',
       'transmission_Semi-Auto', 'fuelType_Diesel', 'fuelType_Eletric',
       'fuelType_Petrol'],
      dtype='object'), Index(['mileage', 'tax', 'mpg', 'engineSize', 'car_age', 'model_encoded',
       'transmission_Automatic', 'transmission_Manual',
       'transmission_Semi-Auto', 'fuelType_Diesel', 'fuelType_Eletric',
       'fuelType_Hybrid', 'fuelType_Petrol'],
      dtype='object'), Index(['mileage', 'tax', 'mpg', 'engineSize', 'previousOwners', 'car_age',
       'model_encoded', 'transmission_Automatic', 'transmission_Manual',
       'transmission_Semi-Auto', 'fuelType_Diesel', 'fuelType_Eletric',
       'fuelType_Hybrid', 'fuelType_Petrol'],
      dtype='object')]}","{'fold': 5, 'n_features_range': [1, 2, 3, 4, 5, 6, 7, 8, 9, 10, 11, 12, 13, 14], 'train_mse': [0.0035772880738409777, 0.0016203332103429584, 0.001238790822465067, 0.0015254348977940758, 0.0016002340456398824, 0.00159221923140716, 0.001563323323187555, 0.001534057484439901, 0.001541801732208551, 0.0015439144284508496, 0.0015417080574048052, 0.001548721187722993, 0.0015340656525819518, 0.001534065652581918], 'train_mae': [0.04404360374162495, 0.030936305942272042, 0.02583812077846885, 0.031410021218857956, 0.0325328721077602, 0.03241315719850331, 0.032132873482912834, 0.03173639574771351, 0.03183285885413387, 0.03186675805469398, 0.03186025914424874, 0.03195262752338666, 0.03176780551612779, 0.03176780551612703], 'val_mse': [0.003672440317031281, 0.0017710790366056994, 0.0013752605415375755, 0.0017268525235198413, 0.0018453161739567065, 0.001842011516305251, 0.0017932612831861173, 0.001761169107764195, 0.0017707468259241061, 0.0017719605737210673, 0.0017633171227301803, 0.0017726435714658117, 0.0017565675631147448, 0.0017565675631147396], 'val_mae': [0.044956681533087156, 0.031771238626897805, 0.02669085257434394, 0.03256689670053483, 0.03411851777587985, 0.03402776471827048, 0.03362524709229524, 0.033228770865272934, 0.033330024293642395, 0.033355213570156785, 0.03330170139799112, 0.03340359912908708, 0.0332144723489711, 0.03321447234897078], 'best_n_features': 3, 'best_val_mse': 0.0013752605415375755, 'selected_features': Index(['engineSize', 'car_age', 'model_encoded'], dtype='object'), 'all_selected_features': [Index(['model_encoded'], dtype='object'), Index(['car_age', 'model_encoded'], dtype='object'), Index(['engineSize', 'car_age', 'model_encoded'], dtype='object'), Index(['mileage', 'engineSize', 'car_age', 'model_encoded'], dtype='object'), Index(['mileage', 'engineSize', 'car_age', 'model_encoded',
       'transmission_Manual'],
      dtype='object'), Index(['mileage', 'mpg', 'engineSize', 'car_age', 'model_encoded',
       'transmission_Manual'],
      dtype='object'), Index(['mileage', 'tax', 'mpg', 'engineSize', 'car_age', 'model_encoded',
       'transmission_Manual'],
      dtype='object'), Index(['mileage', 'tax', 'mpg', 'engineSize', 'car_age', 'model_encoded',
       'transmission_Manual', 'fuelType_Hybrid'],
      dtype='object'), Index(['mileage', 'tax', 'mpg', 'engineSize', 'car_age', 'model_encoded',
       'transmission_Manual', 'transmission_Semi-Auto', 'fuelType_Hybrid'],
      dtype='object'), Index(['mileage', 'tax', 'mpg', 'engineSize', 'car_age', 'model_encoded',
       'transmission_Automatic', 'transmission_Manual',
       'transmission_Semi-Auto', 'fuelType_Hybrid'],
      dtype='object'), Index(['mileage', 'tax', 'mpg', 'engineSize', 'car_age', 'model_encoded',
       'transmission_Automatic', 'transmission_Manual',
       'transmission_Semi-Auto', 'fuelType_Hybrid', 'fuelType_Petrol'],
      dtype='object'), Index(['mileage', 'tax', 'mpg', 'engineSize', 'car_age', 'model_encoded',
       'transmission_Automatic', 'transmission_Manual',
       'transmission_Semi-Auto', 'fuelType_Diesel', 'fuelType_Hybrid',
       'fuelType_Petrol'],
      dtype='object'), Index(['mileage', 'tax', 'mpg', 'engineSize', 'previousOwners', 'car_age',
       'model_encoded', 'transmission_Automatic', 'transmission_Manual',
       'transmission_Semi-Auto', 'fuelType_Diesel', 'fuelType_Hybrid',
       'fuelType_Petrol'],
      dtype='object'), Index(['mileage', 'tax', 'mpg', 'engineSize', 'previousOwners', 'car_age',
       'model_encoded', 'transmission_Automatic', 'transmission_Manual',
       'transmission_Semi-Auto', 'fuelType_Diesel', 'fuelType_Eletric',
       'fuelType_Hybrid', 'fuelType_Petrol'],
      dtype='object')]}"
